experiment,feature_source,k,accuracy,accuracy,balanced_accuracy,balanced_accuracy,macro_f1,macro_f1
,,,mean,std,mean,std,mean,std
generalization_mnist_fashion,supervised,50,0.4122714285714286,0.018573310344223982,0.4063857163944862,0.018858881382952313,0.37829574049359194,0.02270054659958443
generalization_mnist_fashion,unsupervised,50,0.8140285714285713,0.0022737409613198573,0.8127663864868389,0.002407026836266524,0.8111197487843528,0.0026996028110368884
